index,filename,mood
0,relaxed_2_sample1.csv,relaxed_2_sample1.csv
1,relaxed_2_sample1.csv,relaxed_2_sample1.csv
2,relaxed_2_sample1.csv,relaxed_2_sample1.csv
3,relaxed_2_sample1.csv,relaxed_2_sample1.csv
4,relaxed_2_sample1.csv,relaxed_2_sample1.csv
5,relaxed_2_sample1.csv,relaxed_2_sample1.csv
6,relaxed_2_sample1.csv,relaxed_2_sample1.csv
7,relaxed_2_sample1.csv,relaxed_2_sample1.csv
8,relaxed_2_sample1.csv,relaxed_2_sample1.csv
9,relaxed_2_sample1.csv,relaxed_2_sample1.csv
10,relaxed_2_sample1.csv,relaxed_2_sample1.csv
11,relaxed_2_sample1.csv,relaxed_2_sample1.csv
12,relaxed_2_sample1.csv,relaxed_2_sample1.csv
13,relaxed_2_sample1.csv,relaxed_2_sample1.csv
14,relaxed_2_sample1.csv,relaxed_2_sample1.csv
15,relaxed_2_sample1.csv,relaxed_2_sample1.csv
16,relaxed_2_sample1.csv,relaxed_2_sample1.csv
17,relaxed_2_sample1.csv,relaxed_2_sample1.csv
18,relaxed_2_sample1.csv,relaxed_2_sample1.csv
19,relaxed_2_sample1.csv,relaxed_2_sample1.csv
20,relaxed_2_sample1.csv,relaxed_2_sample1.csv
21,relaxed_2_sample1.csv,relaxed_2_sample1.csv
22,relaxed_2_sample1.csv,relaxed_2_sample1.csv
23,relaxed_2_sample1.csv,relaxed_2_sample1.csv
24,relaxed_2_sample1.csv,relaxed_2_sample1.csv
25,relaxed_2_sample1.csv,relaxed_2_sample1.csv
26,relaxed_2_sample1.csv,relaxed_2_sample1.csv
27,relaxed_2_sample1.csv,relaxed_2_sample1.csv
28,relaxed_2_sample1.csv,relaxed_2_sample1.csv
29,relaxed_2_sample1.csv,relaxed_2_sample1.csv
30,relaxed_2_sample1.csv,relaxed_2_sample1.csv
31,relaxed_2_sample1.csv,relaxed_2_sample1.csv
32,relaxed_2_sample1.csv,relaxed_2_sample1.csv
33,relaxed_2_sample1.csv,relaxed_2_sample1.csv
34,relaxed_2_sample1.csv,relaxed_2_sample1.csv
35,relaxed_2_sample1.csv,relaxed_2_sample1.csv
36,relaxed_2_sample1.csv,relaxed_2_sample1.csv
37,relaxed_2_sample1.csv,relaxed_2_sample1.csv
38,relaxed_2_sample1.csv,relaxed_2_sample1.csv
39,relaxed_2_sample1.csv,relaxed_2_sample1.csv
40,relaxed_2_sample1.csv,relaxed_2_sample1.csv
41,relaxed_2_sample1.csv,relaxed_2_sample1.csv
42,relaxed_2_sample1.csv,relaxed_2_sample1.csv
43,relaxed_2_sample1.csv,relaxed_2_sample1.csv
44,relaxed_2_sample1.csv,relaxed_2_sample1.csv
45,relaxed_2_sample1.csv,relaxed_2_sample1.csv
46,relaxed_2_sample1.csv,relaxed_2_sample1.csv
47,relaxed_2_sample1.csv,relaxed_2_sample1.csv
48,relaxed_2_sample1.csv,relaxed_2_sample1.csv
49,relaxed_2_sample1.csv,relaxed_2_sample1.csv
50,relaxed_2_sample1.csv,relaxed_2_sample1.csv
51,relaxed_2_sample1.csv,relaxed_2_sample1.csv
52,relaxed_2_sample1.csv,relaxed_2_sample1.csv
53,relaxed_2_sample1.csv,relaxed_2_sample1.csv
54,relaxed_2_sample1.csv,relaxed_2_sample1.csv
55,relaxed_2_sample1.csv,relaxed_2_sample1.csv
56,relaxed_2_sample1.csv,relaxed_2_sample1.csv
57,relaxed_2_sample1.csv,relaxed_2_sample1.csv
58,relaxed_2_sample1.csv,relaxed_2_sample1.csv
59,relaxed_2_sample1.csv,relaxed_2_sample1.csv
60,relaxed_2_sample1.csv,relaxed_2_sample1.csv
61,relaxed_2_sample1.csv,relaxed_2_sample1.csv
62,relaxed_3_bts.csv,relaxed_3_bts.csv
63,relaxed_3_bts.csv,relaxed_3_bts.csv
64,relaxed_3_bts.csv,relaxed_3_bts.csv
65,relaxed_3_bts.csv,relaxed_3_bts.csv
66,relaxed_3_bts.csv,relaxed_3_bts.csv
67,relaxed_3_bts.csv,relaxed_3_bts.csv
68,relaxed_3_bts.csv,relaxed_3_bts.csv
69,relaxed_3_bts.csv,relaxed_3_bts.csv
70,relaxed_3_bts.csv,relaxed_3_bts.csv
71,relaxed_3_bts.csv,relaxed_3_bts.csv
72,relaxed_3_bts.csv,relaxed_3_bts.csv
73,relaxed_3_bts.csv,relaxed_3_bts.csv
74,relaxed_3_bts.csv,relaxed_3_bts.csv
75,relaxed_4_funny.csv,relaxed_4_funny.csv
76,relaxed_4_funny.csv,relaxed_4_funny.csv
77,relaxed_4_funny.csv,relaxed_4_funny.csv
78,relaxed_4_funny.csv,relaxed_4_funny.csv
79,relaxed_4_funny.csv,relaxed_4_funny.csv
80,relaxed_4_funny.csv,relaxed_4_funny.csv
81,relaxed_4_funny.csv,relaxed_4_funny.csv
82,relaxed_4_funny.csv,relaxed_4_funny.csv
83,relaxed_4_funny.csv,relaxed_4_funny.csv
84,relaxed_4_funny.csv,relaxed_4_funny.csv
85,relaxed_4_funny.csv,relaxed_4_funny.csv
86,relaxed_4_funny.csv,relaxed_4_funny.csv
87,relaxed_4_funny.csv,relaxed_4_funny.csv
88,relaxed_4_funny.csv,relaxed_4_funny.csv
89,relaxed_4_funny.csv,relaxed_4_funny.csv
90,relaxed_4_funny.csv,relaxed_4_funny.csv
91,relaxed_4_funny.csv,relaxed_4_funny.csv
92,relaxed_4_funny.csv,relaxed_4_funny.csv
93,relaxed_4_funny.csv,relaxed_4_funny.csv
94,relaxed_4_funny.csv,relaxed_4_funny.csv
95,relaxed_4_funny.csv,relaxed_4_funny.csv
96,relaxed_4_funny.csv,relaxed_4_funny.csv
97,relaxed_4_funny.csv,relaxed_4_funny.csv
98,relaxed_4_funny.csv,relaxed_4_funny.csv
99,relaxed_4_funny.csv,relaxed_4_funny.csv
100,relaxed_4_funny.csv,relaxed_4_funny.csv
101,relaxed_4_funny.csv,relaxed_4_funny.csv
102,relaxed_4_funny.csv,relaxed_4_funny.csv
103,relaxed_4_funny.csv,relaxed_4_funny.csv
104,relaxed_4_funny.csv,relaxed_4_funny.csv
105,relaxed_4_funny.csv,relaxed_4_funny.csv
106,relaxed_4_funny.csv,relaxed_4_funny.csv
107,relaxed_4_funny.csv,relaxed_4_funny.csv
108,relaxed_4_funny.csv,relaxed_4_funny.csv
109,relaxed_4_funny.csv,relaxed_4_funny.csv
110,relaxed_4_funny.csv,relaxed_4_funny.csv
111,relaxed_4_funny.csv,relaxed_4_funny.csv
112,relaxed_4_funny.csv,relaxed_4_funny.csv
113,relaxed_4_funny.csv,relaxed_4_funny.csv
114,relaxed_4_funny.csv,relaxed_4_funny.csv
115,relaxed_4_funny.csv,relaxed_4_funny.csv
116,relaxed_4_funny.csv,relaxed_4_funny.csv
117,relaxed_4_funny.csv,relaxed_4_funny.csv
118,relaxed_4_funny.csv,relaxed_4_funny.csv
119,relaxed_4_funny.csv,relaxed_4_funny.csv
120,relaxed_4_funny.csv,relaxed_4_funny.csv
121,relaxed_4_funny.csv,relaxed_4_funny.csv
122,relaxed_4_funny.csv,relaxed_4_funny.csv
123,relaxed_4_funny.csv,relaxed_4_funny.csv
124,relaxed_4_funny.csv,relaxed_4_funny.csv
125,relaxed_4_funny.csv,relaxed_4_funny.csv
126,relaxed_4_funny.csv,relaxed_4_funny.csv
127,relaxed_4_funny.csv,relaxed_4_funny.csv
128,relaxed_4_funny.csv,relaxed_4_funny.csv
129,relaxed_4_funny.csv,relaxed_4_funny.csv
130,relaxed_4_funny.csv,relaxed_4_funny.csv
131,relaxed_4_funny.csv,relaxed_4_funny.csv
132,relaxed_4_funny.csv,relaxed_4_funny.csv
133,relaxed_4_funny.csv,relaxed_4_funny.csv
134,relaxed_4_funny.csv,relaxed_4_funny.csv
135,relaxed_4_funny.csv,relaxed_4_funny.csv
136,relaxed_4_funny.csv,relaxed_4_funny.csv
137,relaxed_4_funny.csv,relaxed_4_funny.csv
138,relaxed_4_funny.csv,relaxed_4_funny.csv
139,relaxed_4_funny.csv,relaxed_4_funny.csv
140,relaxed_4_funny.csv,relaxed_4_funny.csv
141,relaxed_4_funny.csv,relaxed_4_funny.csv
142,relaxed_4_funny.csv,relaxed_4_funny.csv
143,relaxed_4_funny.csv,relaxed_4_funny.csv
144,relaxed_4_funny.csv,relaxed_4_funny.csv
145,relaxed_4_funny.csv,relaxed_4_funny.csv
146,relaxed_4_funny.csv,relaxed_4_funny.csv
147,relaxed_4_funny.csv,relaxed_4_funny.csv
148,relaxed_4_funny.csv,relaxed_4_funny.csv
149,relaxed_4_funny.csv,relaxed_4_funny.csv
150,relaxed_4_funny.csv,relaxed_4_funny.csv
151,relaxed_4_funny.csv,relaxed_4_funny.csv
152,relaxed_4_funny.csv,relaxed_4_funny.csv
153,relaxed_4_funny.csv,relaxed_4_funny.csv
154,relaxed_4_funny.csv,relaxed_4_funny.csv
155,relaxed_4_funny.csv,relaxed_4_funny.csv
156,relaxed_4_funny.csv,relaxed_4_funny.csv
157,relaxed_4_funny.csv,relaxed_4_funny.csv
158,relaxed_4_funny.csv,relaxed_4_funny.csv
159,relaxed_4_funny.csv,relaxed_4_funny.csv
160,relaxed_4_funny.csv,relaxed_4_funny.csv
161,relaxed_4_funny.csv,relaxed_4_funny.csv
162,relaxed_4_funny.csv,relaxed_4_funny.csv
163,relaxed_4_funny.csv,relaxed_4_funny.csv
164,relaxed_4_funny.csv,relaxed_4_funny.csv
165,relaxed_4_funny.csv,relaxed_4_funny.csv
166,relaxed_4_funny.csv,relaxed_4_funny.csv
167,relaxed_4_funny.csv,relaxed_4_funny.csv
168,relaxed_4_funny.csv,relaxed_4_funny.csv
169,relaxed_4_funny.csv,relaxed_4_funny.csv
170,relaxed_4_funny.csv,relaxed_4_funny.csv
171,relaxed_4_funny.csv,relaxed_4_funny.csv
172,relaxed_4_funny.csv,relaxed_4_funny.csv
173,relaxed_4_funny.csv,relaxed_4_funny.csv
174,relaxed_4_funny.csv,relaxed_4_funny.csv
175,relaxed_4_funny.csv,relaxed_4_funny.csv
176,relaxed_4_funny.csv,relaxed_4_funny.csv
177,relaxed_4_funny.csv,relaxed_4_funny.csv
178,relaxed_4_funny.csv,relaxed_4_funny.csv
179,relaxed_4_funny.csv,relaxed_4_funny.csv
180,relaxed_4_funny.csv,relaxed_4_funny.csv
181,relaxed_4_funny.csv,relaxed_4_funny.csv
182,relaxed_4_funny.csv,relaxed_4_funny.csv
183,relaxed_4_funny.csv,relaxed_4_funny.csv
184,relaxed_4_funny.csv,relaxed_4_funny.csv
185,relaxed_4_funny.csv,relaxed_4_funny.csv
186,relaxed_4_funny.csv,relaxed_4_funny.csv
187,relaxed_4_funny.csv,relaxed_4_funny.csv
188,relaxed_4_funny.csv,relaxed_4_funny.csv
189,relaxed_4_funny.csv,relaxed_4_funny.csv
190,relaxed_4_funny.csv,relaxed_4_funny.csv
191,relaxed_4_funny.csv,relaxed_4_funny.csv
192,relaxed_4_funny.csv,relaxed_4_funny.csv
193,relaxed_4_funny.csv,relaxed_4_funny.csv
194,relaxed_4_funny.csv,relaxed_4_funny.csv
195,relaxed_4_funny.csv,relaxed_4_funny.csv
196,relaxed_4_funny.csv,relaxed_4_funny.csv
197,relaxed_4_funny.csv,relaxed_4_funny.csv
198,relaxed_4_funny.csv,relaxed_4_funny.csv
199,relaxed_4_funny.csv,relaxed_4_funny.csv
200,relaxed_4_funny.csv,relaxed_4_funny.csv
201,relaxed_4_funny.csv,relaxed_4_funny.csv
202,relaxed_4_funny.csv,relaxed_4_funny.csv
203,relaxed_4_funny.csv,relaxed_4_funny.csv
204,relaxed_4_funny.csv,relaxed_4_funny.csv
205,relaxed_4_funny.csv,relaxed_4_funny.csv
206,relaxed_4_funny.csv,relaxed_4_funny.csv
207,relaxed_4_funny.csv,relaxed_4_funny.csv
208,relaxed_4_funny.csv,relaxed_4_funny.csv
209,relaxed_4_funny.csv,relaxed_4_funny.csv
210,relaxed_5_sample2.csv,relaxed_5_sample2.csv
211,relaxed_5_sample2.csv,relaxed_5_sample2.csv
212,relaxed_5_sample2.csv,relaxed_5_sample2.csv
213,relaxed_5_sample2.csv,relaxed_5_sample2.csv
214,relaxed_5_sample2.csv,relaxed_5_sample2.csv
215,relaxed_5_sample2.csv,relaxed_5_sample2.csv
216,relaxed_5_sample2.csv,relaxed_5_sample2.csv
217,relaxed_5_sample2.csv,relaxed_5_sample2.csv
218,relaxed_5_sample2.csv,relaxed_5_sample2.csv
219,relaxed_5_sample2.csv,relaxed_5_sample2.csv
220,relaxed_5_sample2.csv,relaxed_5_sample2.csv
221,relaxed_5_sample2.csv,relaxed_5_sample2.csv
222,relaxed_5_sample2.csv,relaxed_5_sample2.csv
223,relaxed_5_sample2.csv,relaxed_5_sample2.csv
224,relaxed_5_sample2.csv,relaxed_5_sample2.csv
225,relaxed_5_sample2.csv,relaxed_5_sample2.csv
226,relaxed_5_sample2.csv,relaxed_5_sample2.csv
227,relaxed_5_sample2.csv,relaxed_5_sample2.csv
228,relaxed_5_sample2.csv,relaxed_5_sample2.csv
229,relaxed_5_sample2.csv,relaxed_5_sample2.csv
230,relaxed_5_sample2.csv,relaxed_5_sample2.csv
231,relaxed_5_sample2.csv,relaxed_5_sample2.csv
232,relaxed_5_sample2.csv,relaxed_5_sample2.csv
233,relaxed_5_sample2.csv,relaxed_5_sample2.csv
234,relaxed_5_sample2.csv,relaxed_5_sample2.csv
235,relaxed_5_sample2.csv,relaxed_5_sample2.csv
236,relaxed_5_sample2.csv,relaxed_5_sample2.csv
237,relaxed_5_sample2.csv,relaxed_5_sample2.csv
238,relaxed_5_sample2.csv,relaxed_5_sample2.csv
239,relaxed_5_sample2.csv,relaxed_5_sample2.csv
240,relaxed_5_sample2.csv,relaxed_5_sample2.csv
241,relaxed_5_sample2.csv,relaxed_5_sample2.csv
242,relaxed_5_sample2.csv,relaxed_5_sample2.csv
243,relaxed_5_sample2.csv,relaxed_5_sample2.csv
244,relaxed_5_sample2.csv,relaxed_5_sample2.csv
245,relaxed_5_sample2.csv,relaxed_5_sample2.csv
246,relaxed_5_sample2.csv,relaxed_5_sample2.csv
247,relaxed_5_sample2.csv,relaxed_5_sample2.csv
248,relaxed_5_sample2.csv,relaxed_5_sample2.csv
249,relaxed_5_sample2.csv,relaxed_5_sample2.csv
250,relaxed_5_sample2.csv,relaxed_5_sample2.csv
251,relaxed_5_sample2.csv,relaxed_5_sample2.csv
252,relaxed_5_sample2.csv,relaxed_5_sample2.csv
253,relaxed_5_sample2.csv,relaxed_5_sample2.csv
254,relaxed_5_sample2.csv,relaxed_5_sample2.csv
255,relaxed_5_sample2.csv,relaxed_5_sample2.csv
256,relaxed_5_sample2.csv,relaxed_5_sample2.csv
257,relaxed_5_sample2.csv,relaxed_5_sample2.csv
258,relaxed_5_sample2.csv,relaxed_5_sample2.csv
259,relaxed_5_sample2.csv,relaxed_5_sample2.csv
260,relaxed_5_sample2.csv,relaxed_5_sample2.csv
261,relaxed_5_sample2.csv,relaxed_5_sample2.csv
262,relaxed_5_sample2.csv,relaxed_5_sample2.csv
263,relaxed_5_sample2.csv,relaxed_5_sample2.csv
264,relaxed_5_sample2.csv,relaxed_5_sample2.csv
265,relaxed_5_sample2.csv,relaxed_5_sample2.csv
266,relaxed_5_sample2.csv,relaxed_5_sample2.csv
267,relaxed_5_sample2.csv,relaxed_5_sample2.csv
268,relaxed_5_sample2.csv,relaxed_5_sample2.csv
269,relaxed_5_sample2.csv,relaxed_5_sample2.csv
270,relaxed_5_sample2.csv,relaxed_5_sample2.csv
271,relaxed_5_sample2.csv,relaxed_5_sample2.csv
272,relaxed_5_sample2.csv,relaxed_5_sample2.csv
273,relaxed_5_sample2.csv,relaxed_5_sample2.csv
274,relaxed_5_sample2.csv,relaxed_5_sample2.csv
275,relaxed_5_sample2.csv,relaxed_5_sample2.csv
276,relaxed_5_sample2.csv,relaxed_5_sample2.csv
277,relaxed_5_sample2.csv,relaxed_5_sample2.csv
278,relaxed_5_sample2.csv,relaxed_5_sample2.csv
279,relaxed_5_sample2.csv,relaxed_5_sample2.csv
280,relaxed_5_sample2.csv,relaxed_5_sample2.csv
281,relaxed_5_sample2.csv,relaxed_5_sample2.csv
282,relaxed_5_sample2.csv,relaxed_5_sample2.csv
283,relaxed_5_sample2.csv,relaxed_5_sample2.csv
284,relaxed_5_sample2.csv,relaxed_5_sample2.csv
285,relaxed_5_sample2.csv,relaxed_5_sample2.csv
286,relaxed_5_sample2.csv,relaxed_5_sample2.csv
287,relaxed_5_sample2.csv,relaxed_5_sample2.csv
288,relaxed_5_sample2.csv,relaxed_5_sample2.csv
289,relaxed_5_sample2.csv,relaxed_5_sample2.csv
290,relaxed_5_sample2.csv,relaxed_5_sample2.csv
291,relaxed_5_sample2.csv,relaxed_5_sample2.csv
292,relaxed_5_sample2.csv,relaxed_5_sample2.csv
293,relaxed_5_sample2.csv,relaxed_5_sample2.csv
294,relaxed_5_sample2.csv,relaxed_5_sample2.csv
295,relaxed_5_sample2.csv,relaxed_5_sample2.csv
296,relaxed_5_sample2.csv,relaxed_5_sample2.csv
297,relaxed_5_sample2.csv,relaxed_5_sample2.csv
298,relaxed_5_sample2.csv,relaxed_5_sample2.csv
299,relaxed_5_sample2.csv,relaxed_5_sample2.csv
300,relaxed_5_sample2.csv,relaxed_5_sample2.csv
301,relaxed_5_sample2.csv,relaxed_5_sample2.csv
302,relaxed_5_sample2.csv,relaxed_5_sample2.csv
303,relaxed_5_sample2.csv,relaxed_5_sample2.csv
304,relaxed_5_sample2.csv,relaxed_5_sample2.csv
305,relaxed_5_sample2.csv,relaxed_5_sample2.csv
306,relaxed_5_sample2.csv,relaxed_5_sample2.csv
307,relaxed_5_sample2.csv,relaxed_5_sample2.csv
308,relaxed_5_sample2.csv,relaxed_5_sample2.csv
309,relaxed_5_sample2.csv,relaxed_5_sample2.csv
310,relaxed_5_sample2.csv,relaxed_5_sample2.csv
311,relaxed_5_sample2.csv,relaxed_5_sample2.csv
312,relaxed_5_sample2.csv,relaxed_5_sample2.csv
313,relaxed_5_sample2.csv,relaxed_5_sample2.csv
314,relaxed_5_sample2.csv,relaxed_5_sample2.csv
315,relaxed_5_sample2.csv,relaxed_5_sample2.csv
316,relaxed_5_sample2.csv,relaxed_5_sample2.csv
317,relaxed_5_sample2.csv,relaxed_5_sample2.csv
318,relaxed_5_sample2.csv,relaxed_5_sample2.csv
319,relaxed_5_sample2.csv,relaxed_5_sample2.csv
320,relaxed_5_sample2.csv,relaxed_5_sample2.csv
321,relaxed_5_sample2.csv,relaxed_5_sample2.csv
322,relaxed_5_sample2.csv,relaxed_5_sample2.csv
323,relaxed_5_sample2.csv,relaxed_5_sample2.csv
324,relaxed_5_sample2.csv,relaxed_5_sample2.csv
325,relaxed_5_sample2.csv,relaxed_5_sample2.csv
326,relaxed_5_sample2.csv,relaxed_5_sample2.csv
327,relaxed_5_sample2.csv,relaxed_5_sample2.csv
328,relaxed_5_sample2.csv,relaxed_5_sample2.csv
329,relaxed_5_sample2.csv,relaxed_5_sample2.csv
330,relaxed_5_sample2.csv,relaxed_5_sample2.csv
331,relaxed_5_sample2.csv,relaxed_5_sample2.csv
332,relaxed_5_sample2.csv,relaxed_5_sample2.csv
333,relaxed_5_sample2.csv,relaxed_5_sample2.csv
334,relaxed_5_sample2.csv,relaxed_5_sample2.csv
335,relaxed_5_sample2.csv,relaxed_5_sample2.csv
336,relaxed_5_sample2.csv,relaxed_5_sample2.csv
337,relaxed_5_sample2.csv,relaxed_5_sample2.csv
338,relaxed_5_sample2.csv,relaxed_5_sample2.csv
339,relaxed_5_sample2.csv,relaxed_5_sample2.csv
340,relaxed_5_sample2.csv,relaxed_5_sample2.csv
341,relaxed_5_sample2.csv,relaxed_5_sample2.csv
342,relaxed_5_sample2.csv,relaxed_5_sample2.csv
343,relaxed_5_sample2.csv,relaxed_5_sample2.csv
344,relaxed_5_sample2.csv,relaxed_5_sample2.csv
345,relaxed_5_sample2.csv,relaxed_5_sample2.csv
346,relaxed_5_sample2.csv,relaxed_5_sample2.csv
347,relaxed_5_sample2.csv,relaxed_5_sample2.csv
348,relaxed_5_sample2.csv,relaxed_5_sample2.csv
349,relaxed_5_sample2.csv,relaxed_5_sample2.csv
350,relaxed_5_sample2.csv,relaxed_5_sample2.csv
351,relaxed_5_sample2.csv,relaxed_5_sample2.csv
352,relaxed_5_sample2.csv,relaxed_5_sample2.csv
353,relaxed_5_sample2.csv,relaxed_5_sample2.csv
354,relaxed_5_sample2.csv,relaxed_5_sample2.csv
355,relaxed_5_sample2.csv,relaxed_5_sample2.csv
356,relaxed_5_sample2.csv,relaxed_5_sample2.csv
357,relaxed_5_sample2.csv,relaxed_5_sample2.csv
358,relaxed_5_sample2.csv,relaxed_5_sample2.csv
359,relaxed_5_sample2.csv,relaxed_5_sample2.csv
360,relaxed_5_sample2.csv,relaxed_5_sample2.csv
361,relaxed_5_sample2.csv,relaxed_5_sample2.csv
362,relaxed_5_sample2.csv,relaxed_5_sample2.csv
363,relaxed_5_sample2.csv,relaxed_5_sample2.csv
364,relaxed_5_sample2.csv,relaxed_5_sample2.csv
365,relaxed_5_sample2.csv,relaxed_5_sample2.csv
366,relaxed_5_sample2.csv,relaxed_5_sample2.csv
367,relaxed_5_sample2.csv,relaxed_5_sample2.csv
368,relaxed_5_sample2.csv,relaxed_5_sample2.csv
369,relaxed_5_sample2.csv,relaxed_5_sample2.csv
370,relaxed_5_sample2.csv,relaxed_5_sample2.csv
371,relaxed_5_sample2.csv,relaxed_5_sample2.csv
372,relaxed_5_sample2.csv,relaxed_5_sample2.csv
373,relaxed_5_sample2.csv,relaxed_5_sample2.csv
374,relaxed_5_sample2.csv,relaxed_5_sample2.csv
375,relaxed_5_sample2.csv,relaxed_5_sample2.csv
376,relaxed_5_sample2.csv,relaxed_5_sample2.csv
377,relaxed_5_sample2.csv,relaxed_5_sample2.csv
378,relaxed_5_sample2.csv,relaxed_5_sample2.csv
379,relaxed_5_sample2.csv,relaxed_5_sample2.csv
380,relaxed_5_sample2.csv,relaxed_5_sample2.csv
381,relaxed_5_sample2.csv,relaxed_5_sample2.csv
382,relaxed_5_sample2.csv,relaxed_5_sample2.csv
383,relaxed_5_sample2.csv,relaxed_5_sample2.csv
384,relaxed_5_sample2.csv,relaxed_5_sample2.csv
385,relaxed_5_sample2.csv,relaxed_5_sample2.csv
386,relaxed_5_sample2.csv,relaxed_5_sample2.csv
387,relaxed_5_sample2.csv,relaxed_5_sample2.csv
388,relaxed_5_sample2.csv,relaxed_5_sample2.csv
389,relaxed_5_sample2.csv,relaxed_5_sample2.csv
390,relaxed_5_sample2.csv,relaxed_5_sample2.csv
391,relaxed_5_sample2.csv,relaxed_5_sample2.csv
392,relaxed_5_sample2.csv,relaxed_5_sample2.csv
393,relaxed_5_sample2.csv,relaxed_5_sample2.csv
394,relaxed_5_sample2.csv,relaxed_5_sample2.csv
395,relaxed_5_sample2.csv,relaxed_5_sample2.csv
396,relaxed_5_sample2.csv,relaxed_5_sample2.csv
397,relaxed_5_sample2.csv,relaxed_5_sample2.csv
398,relaxed_5_sample2.csv,relaxed_5_sample2.csv
399,relaxed_5_sample2.csv,relaxed_5_sample2.csv
400,relaxed_5_sample2.csv,relaxed_5_sample2.csv
401,relaxed_5_sample2.csv,relaxed_5_sample2.csv
402,relaxed_5_sample2.csv,relaxed_5_sample2.csv
403,relaxed_5_sample2.csv,relaxed_5_sample2.csv
404,relaxed_5_sample2.csv,relaxed_5_sample2.csv
405,relaxed_5_sample2.csv,relaxed_5_sample2.csv
406,relaxed_5_sample2.csv,relaxed_5_sample2.csv
407,relaxed_5_sample2.csv,relaxed_5_sample2.csv
408,relaxed_5_sample2.csv,relaxed_5_sample2.csv
409,relaxed_5_sample2.csv,relaxed_5_sample2.csv
410,relaxed_5_sample2.csv,relaxed_5_sample2.csv
411,relaxed_5_sample2.csv,relaxed_5_sample2.csv
412,relaxed_5_sample2.csv,relaxed_5_sample2.csv
413,relaxed_5_sample2.csv,relaxed_5_sample2.csv
414,relaxed_5_sample2.csv,relaxed_5_sample2.csv
415,relaxed_5_sample2.csv,relaxed_5_sample2.csv
416,relaxed_5_sample2.csv,relaxed_5_sample2.csv
417,relaxed_5_sample2.csv,relaxed_5_sample2.csv
418,relaxed_6_kpop.csv,relaxed_6_kpop.csv
419,relaxed_6_kpop.csv,relaxed_6_kpop.csv
420,relaxed_6_kpop.csv,relaxed_6_kpop.csv
421,relaxed_6_kpop.csv,relaxed_6_kpop.csv
422,relaxed_6_kpop.csv,relaxed_6_kpop.csv
423,relaxed_6_kpop.csv,relaxed_6_kpop.csv
424,relaxed_6_kpop.csv,relaxed_6_kpop.csv
425,relaxed_6_kpop.csv,relaxed_6_kpop.csv
426,relaxed_6_kpop.csv,relaxed_6_kpop.csv
427,relaxed_6_kpop.csv,relaxed_6_kpop.csv
428,relaxed_6_kpop.csv,relaxed_6_kpop.csv
429,relaxed_6_kpop.csv,relaxed_6_kpop.csv
430,relaxed_6_kpop.csv,relaxed_6_kpop.csv
431,relaxed_6_kpop.csv,relaxed_6_kpop.csv
432,relaxed_6_kpop.csv,relaxed_6_kpop.csv
433,relaxed_6_kpop.csv,relaxed_6_kpop.csv
434,relaxed_6_kpop.csv,relaxed_6_kpop.csv
435,relaxed_6_kpop.csv,relaxed_6_kpop.csv
436,relaxed_6_kpop.csv,relaxed_6_kpop.csv
437,relaxed_6_kpop.csv,relaxed_6_kpop.csv
438,relaxed_6_kpop.csv,relaxed_6_kpop.csv
439,relaxed_6_kpop.csv,relaxed_6_kpop.csv
440,relaxed_6_kpop.csv,relaxed_6_kpop.csv
441,relaxed_6_kpop.csv,relaxed_6_kpop.csv
442,relaxed_6_kpop.csv,relaxed_6_kpop.csv
443,relaxed_6_kpop.csv,relaxed_6_kpop.csv
444,relaxed_6_kpop.csv,relaxed_6_kpop.csv
445,relaxed_6_kpop.csv,relaxed_6_kpop.csv
446,relaxed_6_kpop.csv,relaxed_6_kpop.csv
447,relaxed_6_kpop.csv,relaxed_6_kpop.csv
448,relaxed_6_kpop.csv,relaxed_6_kpop.csv
449,relaxed_6_kpop.csv,relaxed_6_kpop.csv
450,relaxed_6_kpop.csv,relaxed_6_kpop.csv
451,relaxed_6_kpop.csv,relaxed_6_kpop.csv
452,relaxed_6_kpop.csv,relaxed_6_kpop.csv
453,relaxed_6_kpop.csv,relaxed_6_kpop.csv
454,relaxed_8_meditation.csv,relaxed_8_meditation.csv
455,relaxed_8_meditation.csv,relaxed_8_meditation.csv
456,relaxed_8_meditation.csv,relaxed_8_meditation.csv
457,relaxed_8_meditation.csv,relaxed_8_meditation.csv
458,relaxed_8_meditation.csv,relaxed_8_meditation.csv
459,relaxed_8_meditation.csv,relaxed_8_meditation.csv
460,relaxed_8_meditation.csv,relaxed_8_meditation.csv
461,relaxed_8_meditation.csv,relaxed_8_meditation.csv
462,relaxed_8_meditation.csv,relaxed_8_meditation.csv
463,relaxed_8_meditation.csv,relaxed_8_meditation.csv
464,relaxed_8_meditation.csv,relaxed_8_meditation.csv
465,relaxed_8_meditation.csv,relaxed_8_meditation.csv
466,relaxed_8_meditation.csv,relaxed_8_meditation.csv
467,relaxed_8_meditation.csv,relaxed_8_meditation.csv
468,relaxed_8_meditation.csv,relaxed_8_meditation.csv
469,relaxed_8_meditation.csv,relaxed_8_meditation.csv
470,relaxed_8_meditation.csv,relaxed_8_meditation.csv
471,relaxed_8_meditation.csv,relaxed_8_meditation.csv
472,relaxed_8_meditation.csv,relaxed_8_meditation.csv
473,relaxed_8_meditation.csv,relaxed_8_meditation.csv
474,relaxed_8_meditation.csv,relaxed_8_meditation.csv
475,relaxed_8_meditation.csv,relaxed_8_meditation.csv
476,relaxed_8_meditation.csv,relaxed_8_meditation.csv
477,relaxed_8_meditation.csv,relaxed_8_meditation.csv
478,relaxed_8_meditation.csv,relaxed_8_meditation.csv
479,relaxed_8_meditation.csv,relaxed_8_meditation.csv
480,relaxed_8_meditation.csv,relaxed_8_meditation.csv
481,relaxed_8_meditation.csv,relaxed_8_meditation.csv
482,relaxed_8_meditation.csv,relaxed_8_meditation.csv
483,relaxed_8_meditation.csv,relaxed_8_meditation.csv
484,relaxed_8_meditation.csv,relaxed_8_meditation.csv
485,relaxed_8_meditation.csv,relaxed_8_meditation.csv
486,relaxed_8_meditation.csv,relaxed_8_meditation.csv
487,relaxed_8_meditation.csv,relaxed_8_meditation.csv
488,relaxed_8_meditation.csv,relaxed_8_meditation.csv
489,relaxed_8_meditation.csv,relaxed_8_meditation.csv
490,relaxed_8_meditation.csv,relaxed_8_meditation.csv
491,relaxed_8_meditation.csv,relaxed_8_meditation.csv
492,relaxed_8_meditation.csv,relaxed_8_meditation.csv
493,relaxed_8_meditation.csv,relaxed_8_meditation.csv
494,relaxed_8_meditation.csv,relaxed_8_meditation.csv
495,relaxed_8_meditation.csv,relaxed_8_meditation.csv
496,relaxed_8_meditation.csv,relaxed_8_meditation.csv
497,relaxed_8_meditation.csv,relaxed_8_meditation.csv
498,relaxed_8_meditation.csv,relaxed_8_meditation.csv
499,relaxed_8_meditation.csv,relaxed_8_meditation.csv
500,relaxed_8_meditation.csv,relaxed_8_meditation.csv
501,relaxed_8_meditation.csv,relaxed_8_meditation.csv
502,relaxed_8_meditation.csv,relaxed_8_meditation.csv
503,relaxed_8_meditation.csv,relaxed_8_meditation.csv
504,relaxed_8_meditation.csv,relaxed_8_meditation.csv
505,relaxed_8_meditation.csv,relaxed_8_meditation.csv
506,relaxed_8_meditation.csv,relaxed_8_meditation.csv
507,relaxed_8_meditation.csv,relaxed_8_meditation.csv
508,relaxed_8_meditation.csv,relaxed_8_meditation.csv
509,relaxed_8_meditation.csv,relaxed_8_meditation.csv
510,relaxed_8_meditation.csv,relaxed_8_meditation.csv
511,relaxed_8_meditation.csv,relaxed_8_meditation.csv
512,relaxed_8_meditation.csv,relaxed_8_meditation.csv
513,relaxed_8_meditation.csv,relaxed_8_meditation.csv
514,relaxed_8_meditation.csv,relaxed_8_meditation.csv
515,relaxed_8_meditation.csv,relaxed_8_meditation.csv
516,relaxed_8_meditation.csv,relaxed_8_meditation.csv
517,relaxed_8_meditation.csv,relaxed_8_meditation.csv
518,relaxed_8_meditation.csv,relaxed_8_meditation.csv
519,relaxed_8_meditation.csv,relaxed_8_meditation.csv
520,relaxed_8_meditation.csv,relaxed_8_meditation.csv
521,relaxed_8_meditation.csv,relaxed_8_meditation.csv
522,relaxed_8_meditation.csv,relaxed_8_meditation.csv
523,relaxed_8_meditation.csv,relaxed_8_meditation.csv
524,stressed-5-exhuma.csv,stressed
525,stressed-5-exhuma.csv,stressed
526,stressed-5-exhuma.csv,stressed
527,stressed-5-exhuma.csv,stressed
528,stressed-5-exhuma.csv,stressed
529,stressed-5-exhuma.csv,stressed
530,stressed-5-exhuma.csv,stressed
531,stressed-5-exhuma.csv,stressed
532,stressed-5-exhuma.csv,stressed
533,stressed-5-exhuma.csv,stressed
534,stressed-5-exhuma.csv,stressed
535,stressed-5-exhuma.csv,stressed
536,stressed-5-exhuma.csv,stressed
537,stressed-5-exhuma.csv,stressed
538,stressed-5-exhuma.csv,stressed
539,stressed-5-exhuma.csv,stressed
540,stressed-5-exhuma.csv,stressed
541,stressed-5-exhuma.csv,stressed
542,stressed-5-exhuma.csv,stressed
543,stressed-5-exhuma.csv,stressed
544,stressed-5-exhuma.csv,stressed
545,stressed-5-exhuma.csv,stressed
546,stressed-5-exhuma.csv,stressed
547,stressed-5-exhuma.csv,stressed
548,stressed-5-exhuma.csv,stressed
549,stressed-5-exhuma.csv,stressed
550,stressed-5-exhuma.csv,stressed
551,stressed-5-exhuma.csv,stressed
552,stressed-5-exhuma.csv,stressed
553,stressed-5-exhuma.csv,stressed
554,stressed-5-exhuma.csv,stressed
555,stressed-5-exhuma.csv,stressed
556,stressed-5-exhuma.csv,stressed
557,stressed-5-exhuma.csv,stressed
558,stressed-5-exhuma.csv,stressed
559,stressed-5-exhuma.csv,stressed
560,stressed-5-exhuma.csv,stressed
561,stressed-5-exhuma.csv,stressed
562,stressed-5-exhuma.csv,stressed
563,stressed-5-exhuma.csv,stressed
564,stressed-5-exhuma.csv,stressed
565,stressed-5-exhuma.csv,stressed
566,stressed-5-exhuma.csv,stressed
567,stressed-5-exhuma.csv,stressed
568,stressed-5-exhuma.csv,stressed
569,stressed-5-exhuma.csv,stressed
570,stressed-5-exhuma.csv,stressed
571,stressed-5-exhuma.csv,stressed
572,stressed-5-exhuma.csv,stressed
573,stressed-5-exhuma.csv,stressed
574,stressed-5-exhuma.csv,stressed
575,stressed-5-exhuma.csv,stressed
576,stressed-5-exhuma.csv,stressed
577,stressed-5-exhuma.csv,stressed
578,stressed-5-exhuma.csv,stressed
579,stressed-5-exhuma.csv,stressed
580,stressed-5-exhuma.csv,stressed
581,stressed-5-exhuma.csv,stressed
582,stressed-5-exhuma.csv,stressed
583,stressed-5-exhuma.csv,stressed
584,stressed-5-exhuma.csv,stressed
585,stressed-5-exhuma.csv,stressed
586,stressed-5-exhuma.csv,stressed
587,stressed-5-exhuma.csv,stressed
588,stressed-5-exhuma.csv,stressed
589,stressed-5-exhuma.csv,stressed
590,stressed-5-exhuma.csv,stressed
591,stressed-5-exhuma.csv,stressed
592,stressed-5-exhuma.csv,stressed
593,stressed-5-exhuma.csv,stressed
594,stressed_1_fnaf.csv,stressed_1_fnaf.csv
595,stressed_1_fnaf.csv,stressed_1_fnaf.csv
596,stressed_1_fnaf.csv,stressed_1_fnaf.csv
597,stressed_1_fnaf.csv,stressed_1_fnaf.csv
598,stressed_1_fnaf.csv,stressed_1_fnaf.csv
599,stressed_1_fnaf.csv,stressed_1_fnaf.csv
600,stressed_1_fnaf.csv,stressed_1_fnaf.csv
601,stressed_1_fnaf.csv,stressed_1_fnaf.csv
602,stressed_1_fnaf.csv,stressed_1_fnaf.csv
603,stressed_1_fnaf.csv,stressed_1_fnaf.csv
604,stressed_1_fnaf.csv,stressed_1_fnaf.csv
605,stressed_1_fnaf.csv,stressed_1_fnaf.csv
606,stressed_1_fnaf.csv,stressed_1_fnaf.csv
607,stressed_1_fnaf.csv,stressed_1_fnaf.csv
608,stressed_1_fnaf.csv,stressed_1_fnaf.csv
609,stressed_1_fnaf.csv,stressed_1_fnaf.csv
610,stressed_1_fnaf.csv,stressed_1_fnaf.csv
611,stressed_1_fnaf.csv,stressed_1_fnaf.csv
612,stressed_1_fnaf.csv,stressed_1_fnaf.csv
613,stressed_1_fnaf.csv,stressed_1_fnaf.csv
614,stressed_1_fnaf.csv,stressed_1_fnaf.csv
615,stressed_1_fnaf.csv,stressed_1_fnaf.csv
616,stressed_1_fnaf.csv,stressed_1_fnaf.csv
617,stressed_1_fnaf.csv,stressed_1_fnaf.csv
618,stressed_1_fnaf.csv,stressed_1_fnaf.csv
619,stressed_1_fnaf.csv,stressed_1_fnaf.csv
620,stressed_1_fnaf.csv,stressed_1_fnaf.csv
621,stressed_1_fnaf.csv,stressed_1_fnaf.csv
622,stressed_1_fnaf.csv,stressed_1_fnaf.csv
623,stressed_1_fnaf.csv,stressed_1_fnaf.csv
624,stressed_1_fnaf.csv,stressed_1_fnaf.csv
625,stressed_1_fnaf.csv,stressed_1_fnaf.csv
626,stressed_1_fnaf.csv,stressed_1_fnaf.csv
627,stressed_1_fnaf.csv,stressed_1_fnaf.csv
628,stressed_1_fnaf.csv,stressed_1_fnaf.csv
629,stressed_1_fnaf.csv,stressed_1_fnaf.csv
630,stressed_1_fnaf.csv,stressed_1_fnaf.csv
631,stressed_1_fnaf.csv,stressed_1_fnaf.csv
632,stressed_1_fnaf.csv,stressed_1_fnaf.csv
633,stressed_1_fnaf.csv,stressed_1_fnaf.csv
634,stressed_1_fnaf.csv,stressed_1_fnaf.csv
635,stressed_1_fnaf.csv,stressed_1_fnaf.csv
636,stressed_1_fnaf.csv,stressed_1_fnaf.csv
637,stressed_1_fnaf.csv,stressed_1_fnaf.csv
638,stressed_1_fnaf.csv,stressed_1_fnaf.csv
639,stressed_1_fnaf.csv,stressed_1_fnaf.csv
640,stressed_1_fnaf.csv,stressed_1_fnaf.csv
641,stressed_1_fnaf.csv,stressed_1_fnaf.csv
642,stressed_1_fnaf.csv,stressed_1_fnaf.csv
643,stressed_1_fnaf.csv,stressed_1_fnaf.csv
644,stressed_1_fnaf.csv,stressed_1_fnaf.csv
645,stressed_1_fnaf.csv,stressed_1_fnaf.csv
646,stressed_1_fnaf.csv,stressed_1_fnaf.csv
647,stressed_1_fnaf.csv,stressed_1_fnaf.csv
648,stressed_1_fnaf.csv,stressed_1_fnaf.csv
649,stressed_1_fnaf.csv,stressed_1_fnaf.csv
650,stressed_1_fnaf.csv,stressed_1_fnaf.csv
651,stressed_1_fnaf.csv,stressed_1_fnaf.csv
652,stressed_1_fnaf.csv,stressed_1_fnaf.csv
653,stressed_1_fnaf.csv,stressed_1_fnaf.csv
654,stressed_1_fnaf.csv,stressed_1_fnaf.csv
655,stressed_1_fnaf.csv,stressed_1_fnaf.csv
656,stressed_1_fnaf.csv,stressed_1_fnaf.csv
657,stressed_1_fnaf.csv,stressed_1_fnaf.csv
658,stressed_1_fnaf.csv,stressed_1_fnaf.csv
659,stressed_1_fnaf.csv,stressed_1_fnaf.csv
660,stressed_1_fnaf.csv,stressed_1_fnaf.csv
661,stressed_1_fnaf.csv,stressed_1_fnaf.csv
662,stressed_1_fnaf.csv,stressed_1_fnaf.csv
663,stressed_1_fnaf.csv,stressed_1_fnaf.csv
664,stressed_1_fnaf.csv,stressed_1_fnaf.csv
665,stressed_1_fnaf.csv,stressed_1_fnaf.csv
666,stressed_1_fnaf.csv,stressed_1_fnaf.csv
667,stressed_1_fnaf.csv,stressed_1_fnaf.csv
668,stressed_1_fnaf.csv,stressed_1_fnaf.csv
669,stressed_1_fnaf.csv,stressed_1_fnaf.csv
670,stressed_1_fnaf.csv,stressed_1_fnaf.csv
671,stressed_1_fnaf.csv,stressed_1_fnaf.csv
672,stressed_1_fnaf.csv,stressed_1_fnaf.csv
673,stressed_1_fnaf.csv,stressed_1_fnaf.csv
674,stressed_1_fnaf.csv,stressed_1_fnaf.csv
675,stressed_1_fnaf.csv,stressed_1_fnaf.csv
676,stressed_1_fnaf.csv,stressed_1_fnaf.csv
677,stressed_1_fnaf.csv,stressed_1_fnaf.csv
678,stressed_1_fnaf.csv,stressed_1_fnaf.csv
679,stressed_1_fnaf.csv,stressed_1_fnaf.csv
680,stressed_1_fnaf.csv,stressed_1_fnaf.csv
681,stressed_1_fnaf.csv,stressed_1_fnaf.csv
682,stressed_1_fnaf.csv,stressed_1_fnaf.csv
683,stressed_1_fnaf.csv,stressed_1_fnaf.csv
684,stressed_1_fnaf.csv,stressed_1_fnaf.csv
685,stressed_1_fnaf.csv,stressed_1_fnaf.csv
686,stressed_1_fnaf.csv,stressed_1_fnaf.csv
687,stressed_1_fnaf.csv,stressed_1_fnaf.csv
688,stressed_1_fnaf.csv,stressed_1_fnaf.csv
689,stressed_1_fnaf.csv,stressed_1_fnaf.csv
690,stressed_1_fnaf.csv,stressed_1_fnaf.csv
691,stressed_1_fnaf.csv,stressed_1_fnaf.csv
692,stressed_1_fnaf.csv,stressed_1_fnaf.csv
693,stressed_1_fnaf.csv,stressed_1_fnaf.csv
694,stressed_1_fnaf.csv,stressed_1_fnaf.csv
695,stressed_1_fnaf.csv,stressed_1_fnaf.csv
696,stressed_1_fnaf.csv,stressed_1_fnaf.csv
697,stressed_1_fnaf.csv,stressed_1_fnaf.csv
698,stressed_1_fnaf.csv,stressed_1_fnaf.csv
699,stressed_1_fnaf.csv,stressed_1_fnaf.csv
700,stressed_1_fnaf.csv,stressed_1_fnaf.csv
701,stressed_1_fnaf.csv,stressed_1_fnaf.csv
702,stressed_1_fnaf.csv,stressed_1_fnaf.csv
703,stressed_1_fnaf.csv,stressed_1_fnaf.csv
704,stressed_1_fnaf.csv,stressed_1_fnaf.csv
705,stressed_1_fnaf.csv,stressed_1_fnaf.csv
706,stressed_1_fnaf.csv,stressed_1_fnaf.csv
707,stressed_1_fnaf.csv,stressed_1_fnaf.csv
708,stressed_1_fnaf.csv,stressed_1_fnaf.csv
709,stressed_1_fnaf.csv,stressed_1_fnaf.csv
710,stressed_1_fnaf.csv,stressed_1_fnaf.csv
711,stressed_1_fnaf.csv,stressed_1_fnaf.csv
712,stressed_1_fnaf.csv,stressed_1_fnaf.csv
713,stressed_1_fnaf.csv,stressed_1_fnaf.csv
714,stressed_1_fnaf.csv,stressed_1_fnaf.csv
715,stressed_1_fnaf.csv,stressed_1_fnaf.csv
716,stressed_1_fnaf.csv,stressed_1_fnaf.csv
717,stressed_1_fnaf.csv,stressed_1_fnaf.csv
718,stressed_1_fnaf.csv,stressed_1_fnaf.csv
719,stressed_1_fnaf.csv,stressed_1_fnaf.csv
720,stressed_1_fnaf.csv,stressed_1_fnaf.csv
721,stressed_1_fnaf.csv,stressed_1_fnaf.csv
722,stressed_1_fnaf.csv,stressed_1_fnaf.csv
723,stressed_1_fnaf.csv,stressed_1_fnaf.csv
724,stressed_1_fnaf.csv,stressed_1_fnaf.csv
725,stressed_1_fnaf.csv,stressed_1_fnaf.csv
726,stressed_1_fnaf.csv,stressed_1_fnaf.csv
727,stressed_2_tntc.csv,stressed_2_tntc.csv
728,stressed_2_tntc.csv,stressed_2_tntc.csv
729,stressed_2_tntc.csv,stressed_2_tntc.csv
730,stressed_2_tntc.csv,stressed_2_tntc.csv
731,stressed_2_tntc.csv,stressed_2_tntc.csv
732,stressed_2_tntc.csv,stressed_2_tntc.csv
733,stressed_2_tntc.csv,stressed_2_tntc.csv
734,stressed_2_tntc.csv,stressed_2_tntc.csv
735,stressed_2_tntc.csv,stressed_2_tntc.csv
736,stressed_2_tntc.csv,stressed_2_tntc.csv
737,stressed_2_tntc.csv,stressed_2_tntc.csv
738,stressed_2_tntc.csv,stressed_2_tntc.csv
739,stressed_2_tntc.csv,stressed_2_tntc.csv
740,stressed_2_tntc.csv,stressed_2_tntc.csv
741,stressed_2_tntc.csv,stressed_2_tntc.csv
742,stressed_3_horror.csv,stressed_3_horror.csv
743,stressed_3_horror.csv,stressed_3_horror.csv
744,stressed_3_horror.csv,stressed_3_horror.csv
745,stressed_4_horror.csv,stressed_4_horror.csv
746,stressed_4_horror.csv,stressed_4_horror.csv
747,stressed_4_horror.csv,stressed_4_horror.csv
748,stressed_4_horror.csv,stressed_4_horror.csv
749,stressed_4_horror.csv,stressed_4_horror.csv
750,stressed_4_horror.csv,stressed_4_horror.csv
751,stressed_4_horror.csv,stressed_4_horror.csv
752,stressed_4_horror.csv,stressed_4_horror.csv
753,stressed_4_horror.csv,stressed_4_horror.csv
754,stressed_4_horror.csv,stressed_4_horror.csv
755,stressed_4_horror.csv,stressed_4_horror.csv
756,stressed_4_horror.csv,stressed_4_horror.csv
757,stressed_4_horror.csv,stressed_4_horror.csv
758,stressed_4_horror.csv,stressed_4_horror.csv
759,stressed_4_horror.csv,stressed_4_horror.csv
760,stressed_4_horror.csv,stressed_4_horror.csv
761,stressed_4_horror.csv,stressed_4_horror.csv
762,stressed_4_horror.csv,stressed_4_horror.csv
763,stressed_4_horror.csv,stressed_4_horror.csv
764,stressed_4_horror.csv,stressed_4_horror.csv
765,stressed_4_horror.csv,stressed_4_horror.csv
766,stressed_4_horror.csv,stressed_4_horror.csv
767,stressed_4_horror.csv,stressed_4_horror.csv
768,stressed_4_horror.csv,stressed_4_horror.csv
769,stressed_4_horror.csv,stressed_4_horror.csv
770,stressed_4_horror.csv,stressed_4_horror.csv
771,stressed_4_horror.csv,stressed_4_horror.csv
772,stressed_4_horror.csv,stressed_4_horror.csv
773,stressed_4_horror.csv,stressed_4_horror.csv
774,stressed_4_horror.csv,stressed_4_horror.csv
775,stressed_4_horror.csv,stressed_4_horror.csv
776,stressed_4_horror.csv,stressed_4_horror.csv
777,stressed_4_horror.csv,stressed_4_horror.csv
778,stressed_4_horror.csv,stressed_4_horror.csv
779,stressed_4_horror.csv,stressed_4_horror.csv
780,stressed_4_horror.csv,stressed_4_horror.csv
781,stressed_4_horror.csv,stressed_4_horror.csv
782,stressed_4_horror.csv,stressed_4_horror.csv
783,stressed_4_horror.csv,stressed_4_horror.csv
784,stressed_4_horror.csv,stressed_4_horror.csv
785,stressed_4_horror.csv,stressed_4_horror.csv
786,stressed_4_horror.csv,stressed_4_horror.csv
787,stressed_4_horror.csv,stressed_4_horror.csv
788,stressed_4_horror.csv,stressed_4_horror.csv
789,stressed_4_horror.csv,stressed_4_horror.csv
790,stressed_4_horror.csv,stressed_4_horror.csv
791,stressed_4_horror.csv,stressed_4_horror.csv
792,stressed_4_horror.csv,stressed_4_horror.csv
793,stressed_4_horror.csv,stressed_4_horror.csv
794,stressed_4_horror.csv,stressed_4_horror.csv
795,stressed_4_horror.csv,stressed_4_horror.csv
796,stressed_4_horror.csv,stressed_4_horror.csv
797,stressed_4_horror.csv,stressed_4_horror.csv
798,stressed_4_horror.csv,stressed_4_horror.csv
799,stressed_4_horror.csv,stressed_4_horror.csv
800,stressed_4_horror.csv,stressed_4_horror.csv
801,stressed_4_horror.csv,stressed_4_horror.csv
802,stressed_4_horror.csv,stressed_4_horror.csv
803,stressed_4_horror.csv,stressed_4_horror.csv
804,stressed_4_horror.csv,stressed_4_horror.csv
805,stressed_4_horror.csv,stressed_4_horror.csv
806,stressed_4_horror.csv,stressed_4_horror.csv
807,stressed_4_horror.csv,stressed_4_horror.csv
808,stressed_4_horror.csv,stressed_4_horror.csv
809,stressed_4_horror.csv,stressed_4_horror.csv
810,stressed_4_horror.csv,stressed_4_horror.csv
811,stressed_4_horror.csv,stressed_4_horror.csv
812,stressed_4_horror.csv,stressed_4_horror.csv
813,stressed_4_horror.csv,stressed_4_horror.csv
814,stressed_4_horror.csv,stressed_4_horror.csv
815,stressed_4_horror.csv,stressed_4_horror.csv
816,stressed_4_horror.csv,stressed_4_horror.csv
817,stressed_4_horror.csv,stressed_4_horror.csv
818,stressed_4_horror.csv,stressed_4_horror.csv
819,stressed_4_horror.csv,stressed_4_horror.csv
820,stressed_4_horror.csv,stressed_4_horror.csv
821,stressed_4_horror.csv,stressed_4_horror.csv
822,stressed_4_horror.csv,stressed_4_horror.csv
823,stressed_4_horror.csv,stressed_4_horror.csv
824,stressed_4_horror.csv,stressed_4_horror.csv
825,stressed_4_horror.csv,stressed_4_horror.csv
826,stressed_4_horror.csv,stressed_4_horror.csv
827,stressed_4_horror.csv,stressed_4_horror.csv
828,stressed_4_horror.csv,stressed_4_horror.csv
829,stressed_4_horror.csv,stressed_4_horror.csv
830,stressed_4_horror.csv,stressed_4_horror.csv
831,stressed_4_horror.csv,stressed_4_horror.csv
832,stressed_4_horror.csv,stressed_4_horror.csv
833,stressed_4_horror.csv,stressed_4_horror.csv
834,stressed_4_horror.csv,stressed_4_horror.csv
835,stressed_4_horror.csv,stressed_4_horror.csv
836,stressed_4_horror.csv,stressed_4_horror.csv
837,stressed_4_horror.csv,stressed_4_horror.csv
838,stressed_4_horror.csv,stressed_4_horror.csv
839,stressed_4_horror.csv,stressed_4_horror.csv
840,stressed_4_horror.csv,stressed_4_horror.csv
841,stressed_4_horror.csv,stressed_4_horror.csv
842,stressed_4_horror.csv,stressed_4_horror.csv
843,stressed_4_horror.csv,stressed_4_horror.csv
844,stressed_4_horror.csv,stressed_4_horror.csv
845,stressed_4_horror.csv,stressed_4_horror.csv
846,stressed_4_horror.csv,stressed_4_horror.csv
847,stressed_4_horror.csv,stressed_4_horror.csv
848,stressed_4_horror.csv,stressed_4_horror.csv
849,stressed_4_horror.csv,stressed_4_horror.csv
850,stressed_4_horror.csv,stressed_4_horror.csv
851,stressed_4_horror.csv,stressed_4_horror.csv
852,stressed_4_horror.csv,stressed_4_horror.csv
853,stressed_4_horror.csv,stressed_4_horror.csv
854,stressed_4_horror.csv,stressed_4_horror.csv
855,stressed_4_horror.csv,stressed_4_horror.csv
856,stressed_4_horror.csv,stressed_4_horror.csv
857,stressed_4_horror.csv,stressed_4_horror.csv
858,stressed_4_horror.csv,stressed_4_horror.csv
859,stressed_4_horror.csv,stressed_4_horror.csv
860,stressed_4_horror.csv,stressed_4_horror.csv
861,stressed_4_horror.csv,stressed_4_horror.csv
862,stressed_4_horror.csv,stressed_4_horror.csv
863,stressed_4_horror.csv,stressed_4_horror.csv
864,stressed_5_horror.csv,stressed_5_horror.csv
865,stressed_5_horror.csv,stressed_5_horror.csv
866,stressed_5_horror.csv,stressed_5_horror.csv
867,stressed_5_horror.csv,stressed_5_horror.csv
868,stressed_5_horror.csv,stressed_5_horror.csv
869,stressed_5_horror.csv,stressed_5_horror.csv
870,stressed_5_horror.csv,stressed_5_horror.csv
871,stressed_5_horror.csv,stressed_5_horror.csv
872,stressed_5_horror.csv,stressed_5_horror.csv
873,stressed_5_horror.csv,stressed_5_horror.csv
874,stressed_5_horror.csv,stressed_5_horror.csv
875,stressed_5_horror.csv,stressed_5_horror.csv
876,stressed_5_horror.csv,stressed_5_horror.csv
877,stressed_5_horror.csv,stressed_5_horror.csv
878,stressed_5_horror.csv,stressed_5_horror.csv
879,stressed_5_horror.csv,stressed_5_horror.csv
880,stressed_6_jumpscare.csv,stressed_6_jumpscare.csv
881,stressed_6_jumpscare.csv,stressed_6_jumpscare.csv
882,stressed_6_jumpscare.csv,stressed_6_jumpscare.csv
883,stressed_6_jumpscare.csv,stressed_6_jumpscare.csv
884,stressed_6_jumpscare.csv,stressed_6_jumpscare.csv
885,stressed_6_jumpscare.csv,stressed_6_jumpscare.csv
886,stressed_6_jumpscare.csv,stressed_6_jumpscare.csv
887,stressed_6_jumpscare.csv,stressed_6_jumpscare.csv
888,stressed_6_jumpscare.csv,stressed_6_jumpscare.csv
889,stressed_6_jumpscare.csv,stressed_6_jumpscare.csv
890,stressed_6_jumpscare.csv,stressed_6_jumpscare.csv
891,stressed_6_jumpscare.csv,stressed_6_jumpscare.csv
892,stressed_6_jumpscare.csv,stressed_6_jumpscare.csv
893,stressed_6_jumpscare.csv,stressed_6_jumpscare.csv
894,stressed_6_jumpscare.csv,stressed_6_jumpscare.csv
895,stressed_6_jumpscare.csv,stressed_6_jumpscare.csv
896,stressed_6_jumpscare.csv,stressed_6_jumpscare.csv
897,stressed_6_jumpscare.csv,stressed_6_jumpscare.csv
898,stressed_6_jumpscare.csv,stressed_6_jumpscare.csv
899,stressed_6_jumpscare.csv,stressed_6_jumpscare.csv
900,stressed_6_jumpscare.csv,stressed_6_jumpscare.csv
901,stressed_6_jumpscare.csv,stressed_6_jumpscare.csv
902,stressed_6_jumpscare.csv,stressed_6_jumpscare.csv
903,stressed_6_jumpscare.csv,stressed_6_jumpscare.csv
904,stressed_6_jumpscare.csv,stressed_6_jumpscare.csv
905,stressed_6_jumpscare.csv,stressed_6_jumpscare.csv
906,stressed_6_jumpscare.csv,stressed_6_jumpscare.csv
907,stressed_6_jumpscare.csv,stressed_6_jumpscare.csv
908,stressed_6_jumpscare.csv,stressed_6_jumpscare.csv
909,stressed_6_jumpscare.csv,stressed_6_jumpscare.csv
910,stressed_6_jumpscare.csv,stressed_6_jumpscare.csv
911,stressed_6_jumpscare.csv,stressed_6_jumpscare.csv
912,stressed_6_jumpscare.csv,stressed_6_jumpscare.csv
913,stressed_6_jumpscare.csv,stressed_6_jumpscare.csv
914,stressed_6_jumpscare.csv,stressed_6_jumpscare.csv
915,stressed_6_jumpscare.csv,stressed_6_jumpscare.csv
916,stressed_6_jumpscare.csv,stressed_6_jumpscare.csv
917,stressed_6_jumpscare.csv,stressed_6_jumpscare.csv
918,stressed_6_jumpscare.csv,stressed_6_jumpscare.csv
919,stressed_6_jumpscare.csv,stressed_6_jumpscare.csv
920,stressed_6_jumpscare.csv,stressed_6_jumpscare.csv
921,stressed_6_jumpscare.csv,stressed_6_jumpscare.csv
922,stressed_6_jumpscare.csv,stressed_6_jumpscare.csv
923,stressed_6_jumpscare.csv,stressed_6_jumpscare.csv
924,stressed_6_jumpscare.csv,stressed_6_jumpscare.csv
925,stressed_6_jumpscare.csv,stressed_6_jumpscare.csv
926,stressed_6_jumpscare.csv,stressed_6_jumpscare.csv
927,stressed_6_jumpscare.csv,stressed_6_jumpscare.csv
928,stressed_6_jumpscare.csv,stressed_6_jumpscare.csv
929,stressed_6_jumpscare.csv,stressed_6_jumpscare.csv
930,stressed_6_jumpscare.csv,stressed_6_jumpscare.csv
931,stressed_6_jumpscare.csv,stressed_6_jumpscare.csv
932,stressed_6_jumpscare.csv,stressed_6_jumpscare.csv
933,stressed_6_jumpscare.csv,stressed_6_jumpscare.csv
934,stressed_6_jumpscare.csv,stressed_6_jumpscare.csv
935,stressed_6_jumpscare.csv,stressed_6_jumpscare.csv
936,stressed_6_jumpscare.csv,stressed_6_jumpscare.csv
937,stressed_6_jumpscare.csv,stressed_6_jumpscare.csv
938,stressed_6_jumpscare.csv,stressed_6_jumpscare.csv
939,stressed_6_jumpscare.csv,stressed_6_jumpscare.csv
940,stressed_6_jumpscare.csv,stressed_6_jumpscare.csv
941,stressed_6_jumpscare.csv,stressed_6_jumpscare.csv
942,stressed_6_jumpscare.csv,stressed_6_jumpscare.csv
943,stressed_6_jumpscare.csv,stressed_6_jumpscare.csv
944,stressed_6_jumpscare.csv,stressed_6_jumpscare.csv
945,stressed_6_jumpscare.csv,stressed_6_jumpscare.csv
946,stressed_6_jumpscare.csv,stressed_6_jumpscare.csv
947,stressed_6_jumpscare.csv,stressed_6_jumpscare.csv
948,stressed_6_jumpscare.csv,stressed_6_jumpscare.csv
949,stressed_6_jumpscare.csv,stressed_6_jumpscare.csv
950,stressed_6_jumpscare.csv,stressed_6_jumpscare.csv
951,stressed_6_jumpscare.csv,stressed_6_jumpscare.csv
952,stressed_6_jumpscare.csv,stressed_6_jumpscare.csv
953,stressed_6_jumpscare.csv,stressed_6_jumpscare.csv
954,stressed_6_jumpscare.csv,stressed_6_jumpscare.csv
955,stressed_6_jumpscare.csv,stressed_6_jumpscare.csv
956,stressed_6_jumpscare.csv,stressed_6_jumpscare.csv
957,stressed_6_jumpscare.csv,stressed_6_jumpscare.csv
958,stressed_6_jumpscare.csv,stressed_6_jumpscare.csv
959,stressed_6_jumpscare.csv,stressed_6_jumpscare.csv
960,stressed_6_jumpscare.csv,stressed_6_jumpscare.csv
961,stressed_6_jumpscare.csv,stressed_6_jumpscare.csv
962,stressed_6_jumpscare.csv,stressed_6_jumpscare.csv
963,stressed_6_jumpscare.csv,stressed_6_jumpscare.csv
964,stressed_6_jumpscare.csv,stressed_6_jumpscare.csv
965,stressed_6_jumpscare.csv,stressed_6_jumpscare.csv
966,stressed_6_jumpscare.csv,stressed_6_jumpscare.csv
967,stressed_6_jumpscare.csv,stressed_6_jumpscare.csv
968,stressed_6_jumpscare.csv,stressed_6_jumpscare.csv
969,stressed_6_jumpscare.csv,stressed_6_jumpscare.csv
970,stressed_6_jumpscare.csv,stressed_6_jumpscare.csv
971,stressed_6_jumpscare.csv,stressed_6_jumpscare.csv
972,stressed_6_jumpscare.csv,stressed_6_jumpscare.csv
973,stressed_6_jumpscare.csv,stressed_6_jumpscare.csv
974,stressed_6_jumpscare.csv,stressed_6_jumpscare.csv
975,stressed_6_jumpscare.csv,stressed_6_jumpscare.csv
976,stressed_6_jumpscare.csv,stressed_6_jumpscare.csv
977,stressed_6_jumpscare.csv,stressed_6_jumpscare.csv
978,stressed_6_jumpscare.csv,stressed_6_jumpscare.csv
979,stressed_6_jumpscare.csv,stressed_6_jumpscare.csv
980,stressed_6_jumpscare.csv,stressed_6_jumpscare.csv
981,stressed_6_jumpscare.csv,stressed_6_jumpscare.csv
982,stressed_6_jumpscare.csv,stressed_6_jumpscare.csv
983,stressed_6_jumpscare.csv,stressed_6_jumpscare.csv
984,stressed_6_jumpscare.csv,stressed_6_jumpscare.csv
985,stressed_6_jumpscare.csv,stressed_6_jumpscare.csv
986,stressed_6_jumpscare.csv,stressed_6_jumpscare.csv
987,stressed_6_jumpscare.csv,stressed_6_jumpscare.csv
988,stressed_6_jumpscare.csv,stressed_6_jumpscare.csv
989,stressed_6_jumpscare.csv,stressed_6_jumpscare.csv
990,stressed_6_jumpscare.csv,stressed_6_jumpscare.csv
991,stressed_6_jumpscare.csv,stressed_6_jumpscare.csv
992,stressed_6_jumpscare.csv,stressed_6_jumpscare.csv
993,stressed_6_jumpscare.csv,stressed_6_jumpscare.csv
994,stressed_6_jumpscare.csv,stressed_6_jumpscare.csv
995,stressed_6_jumpscare.csv,stressed_6_jumpscare.csv
996,stressed_6_jumpscare.csv,stressed_6_jumpscare.csv
997,stressed_6_jumpscare.csv,stressed_6_jumpscare.csv
998,stressed_6_jumpscare.csv,stressed_6_jumpscare.csv
999,stressed_6_jumpscare.csv,stressed_6_jumpscare.csv
1000,stressed_6_jumpscare.csv,stressed_6_jumpscare.csv
1001,stressed_6_jumpscare.csv,stressed_6_jumpscare.csv
1002,stressed_6_jumpscare.csv,stressed_6_jumpscare.csv
1003,stressed_6_jumpscare.csv,stressed_6_jumpscare.csv
1004,stressed_6_jumpscare.csv,stressed_6_jumpscare.csv
1005,stressed_6_jumpscare.csv,stressed_6_jumpscare.csv
1006,stressed_6_jumpscare.csv,stressed_6_jumpscare.csv
1007,stressed_6_jumpscare.csv,stressed_6_jumpscare.csv
1008,stressed_6_jumpscare.csv,stressed_6_jumpscare.csv
1009,stressed_6_jumpscare.csv,stressed_6_jumpscare.csv
1010,stressed_6_jumpscare.csv,stressed_6_jumpscare.csv
1011,stressed_6_jumpscare.csv,stressed_6_jumpscare.csv
1012,stressed_6_jumpscare.csv,stressed_6_jumpscare.csv
1013,stressed_6_jumpscare.csv,stressed_6_jumpscare.csv
1014,stressed_6_jumpscare.csv,stressed_6_jumpscare.csv
1015,stressed_6_jumpscare.csv,stressed_6_jumpscare.csv
1016,stressed_6_jumpscare.csv,stressed_6_jumpscare.csv
1017,stressed_6_jumpscare.csv,stressed_6_jumpscare.csv
1018,stressed_6_jumpscare.csv,stressed_6_jumpscare.csv
1019,stressed_6_jumpscare.csv,stressed_6_jumpscare.csv
1020,stressed_6_jumpscare.csv,stressed_6_jumpscare.csv
1021,stressed_6_jumpscare.csv,stressed_6_jumpscare.csv
1022,stressed_6_jumpscare.csv,stressed_6_jumpscare.csv
1023,stressed_6_jumpscare.csv,stressed_6_jumpscare.csv
1024,stressed_6_jumpscare.csv,stressed_6_jumpscare.csv
1025,stressed_6_jumpscare.csv,stressed_6_jumpscare.csv
1026,stressed_6_jumpscare.csv,stressed_6_jumpscare.csv
1027,stressed_6_jumpscare.csv,stressed_6_jumpscare.csv
1028,stressed_6_jumpscare.csv,stressed_6_jumpscare.csv
1029,stressed_6_jumpscare.csv,stressed_6_jumpscare.csv
1030,stressed_6_jumpscare.csv,stressed_6_jumpscare.csv
1031,stressed_6_jumpscare.csv,stressed_6_jumpscare.csv
1032,stressed_6_jumpscare.csv,stressed_6_jumpscare.csv
1033,stressed_6_jumpscare.csv,stressed_6_jumpscare.csv
1034,stressed_6_jumpscare.csv,stressed_6_jumpscare.csv
1035,stressed_6_jumpscare.csv,stressed_6_jumpscare.csv
1036,stressed_6_jumpscare.csv,stressed_6_jumpscare.csv
1037,stressed_6_jumpscare.csv,stressed_6_jumpscare.csv
1038,stressed_6_jumpscare.csv,stressed_6_jumpscare.csv
1039,stressed_6_jumpscare.csv,stressed_6_jumpscare.csv
1040,stressed_6_jumpscare.csv,stressed_6_jumpscare.csv
1041,stressed_6_jumpscare.csv,stressed_6_jumpscare.csv
1042,stressed_6_jumpscare.csv,stressed_6_jumpscare.csv
1043,stressed_6_jumpscare.csv,stressed_6_jumpscare.csv
1044,stressed_6_jumpscare.csv,stressed_6_jumpscare.csv
1045,stressed_6_jumpscare.csv,stressed_6_jumpscare.csv
1046,stressed_6_jumpscare.csv,stressed_6_jumpscare.csv
1047,stressed_6_jumpscare.csv,stressed_6_jumpscare.csv
1048,stressed_6_jumpscare.csv,stressed_6_jumpscare.csv
1049,stressed_6_jumpscare.csv,stressed_6_jumpscare.csv
1050,stressed_6_jumpscare.csv,stressed_6_jumpscare.csv
1051,stressed_6_jumpscare.csv,stressed_6_jumpscare.csv
1052,stressed_6_jumpscare.csv,stressed_6_jumpscare.csv
1053,stressed_6_jumpscare.csv,stressed_6_jumpscare.csv
1054,stressed_6_jumpscare.csv,stressed_6_jumpscare.csv
1055,stressed_6_jumpscare.csv,stressed_6_jumpscare.csv
1056,stressed_6_jumpscare.csv,stressed_6_jumpscare.csv
1057,stressed_6_jumpscare.csv,stressed_6_jumpscare.csv
1058,stressed_6_jumpscare.csv,stressed_6_jumpscare.csv
1059,stressed_6_jumpscare.csv,stressed_6_jumpscare.csv
1060,stressed_6_jumpscare.csv,stressed_6_jumpscare.csv
1061,stressed_6_jumpscare.csv,stressed_6_jumpscare.csv
1062,stressed_6_jumpscare.csv,stressed_6_jumpscare.csv
1063,stressed_6_jumpscare.csv,stressed_6_jumpscare.csv
1064,stressed_6_jumpscare.csv,stressed_6_jumpscare.csv
1065,stressed_6_jumpscare.csv,stressed_6_jumpscare.csv
1066,stressed_6_jumpscare.csv,stressed_6_jumpscare.csv
1067,stressed_6_jumpscare.csv,stressed_6_jumpscare.csv
1068,stressed_6_jumpscare.csv,stressed_6_jumpscare.csv
1069,stressed_6_jumpscare.csv,stressed_6_jumpscare.csv
1070,stressed_6_jumpscare.csv,stressed_6_jumpscare.csv
1071,stressed_6_jumpscare.csv,stressed_6_jumpscare.csv
1072,stressed_6_jumpscare.csv,stressed_6_jumpscare.csv
1073,stressed_6_jumpscare.csv,stressed_6_jumpscare.csv
1074,stressed_6_jumpscare.csv,stressed_6_jumpscare.csv
1075,stressed_6_jumpscare.csv,stressed_6_jumpscare.csv
1076,stressed_6_jumpscare.csv,stressed_6_jumpscare.csv
1077,stressed_6_jumpscare.csv,stressed_6_jumpscare.csv
1078,stressed_6_jumpscare.csv,stressed_6_jumpscare.csv
1079,stressed_6_jumpscare.csv,stressed_6_jumpscare.csv
1080,stressed_6_jumpscare.csv,stressed_6_jumpscare.csv
1081,stressed_6_jumpscare.csv,stressed_6_jumpscare.csv
1082,stressed_6_jumpscare.csv,stressed_6_jumpscare.csv
1083,stressed_6_jumpscare.csv,stressed_6_jumpscare.csv
1084,stressed_6_jumpscare.csv,stressed_6_jumpscare.csv
1085,stressed_6_jumpscare.csv,stressed_6_jumpscare.csv
1086,stressed_6_jumpscare.csv,stressed_6_jumpscare.csv
1087,stressed_6_jumpscare.csv,stressed_6_jumpscare.csv
1088,stressed_6_jumpscare.csv,stressed_6_jumpscare.csv
1089,stressed_6_jumpscare.csv,stressed_6_jumpscare.csv
1090,stressed_6_jumpscare.csv,stressed_6_jumpscare.csv
1091,stressed_6_jumpscare.csv,stressed_6_jumpscare.csv
1092,stressed_6_jumpscare.csv,stressed_6_jumpscare.csv
1093,stressed_6_jumpscare.csv,stressed_6_jumpscare.csv
1094,stressed_6_jumpscare.csv,stressed_6_jumpscare.csv
1095,stressed_6_jumpscare.csv,stressed_6_jumpscare.csv
1096,stressed_6_jumpscare.csv,stressed_6_jumpscare.csv
1097,stressed_6_jumpscare.csv,stressed_6_jumpscare.csv
1098,stressed_6_jumpscare.csv,stressed_6_jumpscare.csv
1099,stressed_7_scary.csv,stressed_7_scary.csv
1100,stressed_7_scary.csv,stressed_7_scary.csv
1101,stressed_7_scary.csv,stressed_7_scary.csv
